{
  "$schema": "https://turbo.build/schema.json",
  "pipeline": {
    "build": {
      "outputs": ["dist/**", "src/icons/**"],
      "dependsOn": ["^build"],
      "inputs": ["../../icons/**"]
    },
    "lint": {},
    "dev": {
      "cache": false,
      "persistent": true
    },
    "clean": {
      "cache": false
    },
    "test": {
      "dependsOn": ["build", "^build"]
    },
    "typecheck": {
      "dependsOn": ["build", "^build"]
    },
    "imports-check": {
      "dependsOn": ["build", "^build"]
    }
  }
}
